gage_id,most_downstream_wb,nexus_before_it,most_downstream_nexus,wbs_into_that_nexus
06131200,wb-1846383,nex-1846379,nex-1846379,"wb-1846387,wb-1846385,wb-1846378,wb-1846383"
02046000,wb-277737,nex-277738,nex-277738,"wb-277783,wb-277785,wb-277737,wb-277781"
14034500,wb-2994027,nex-2993949,nex-2993949,"wb-2993948,wb-2994027"
01196500,wb-12046,nex-12047,nex-12047,"wb-12069,wb-12094,wb-12068,wb-12046,wb-12097,wb-12096"
12323240,wb-3024370,nex-3024371,nex-3024371,"wb-3037795,wb-3024370,wb-3037790"
10324700,wb-2868566,nex-2868567,nex-2868567,"wb-2868566,wb-2868623,wb-2868622"
10258500,wb-3334738,nex-3334721,nex-3334721,"wb-3334740,wb-3334742,wb-3334745,wb-3334720,wb-3334738"
03324200,wb-829876,nex-829877,nex-829877,"wb-829943,wb-829941,wb-829876"
09498502,wb-2720544,nex-2720529,nex-2720529,"wb-2720570,wb-2720528,wb-2720544"
05531500,wb-1078896,nex-1078892,nex-1078892,"wb-1078891,wb-1078896"
05060500,wb-1501081,nex-1501067,nex-1501067,"wb-1501066,wb-1501081"
02388975,wb-494998,nex-494999,nex-494999,"wb-495351,wb-495350,wb-494998"
07144480,wb-2180769,nex-2180770,nex-2180770,"wb-2180769,wb-2180809"
06306200,wb-1837448,nex-1837372,nex-1837372,"wb-1837371,wb-1837448"
09404450,wb-2743324,nex-2743325,nex-2743325,"wb-2743420,wb-2743421,wb-2743418,wb-2743324,wb-2743415"
09480000,wb-2746019,nex-2746020,nex-2746020,"wb-2747299,wb-2747297,wb-2746019"
11173200,wb-3314986,nex-3314987,nex-3314987,"wb-3314986,wb-3315012,wb-3315011"
06265337,wb-1833801,nex-1833802,nex-1833802,"wb-1833801,wb-1833831,wb-1833833"
08142000,wb-2434108,nex-2434102,nex-2434102,"wb-2434108,wb-2434101"
07056515,wb-2197274,nex-2197275,nex-2197275,"wb-2197280,wb-2197274,wb-2197279"
03141870,wb-800832,nex-800826,nex-800826,"wb-800833,wb-800834,wb-800835,wb-800837,wb-800852,wb-800839,wb-800825,wb-800832"
06819185,wb-1556434,nex-1556267,nex-1556267,"wb-1556435,wb-1556266,wb-1556434"
07327447,wb-2144910,nex-2144911,nex-2144911,"wb-2144910,wb-2144979"
08082700,wb-2423850,nex-2423851,nex-2423851,"wb-2423850,wb-2423913"
01095375,wb-14011,nex-13996,nex-13996,"wb-14022,wb-14027,wb-14013,wb-13995,wb-14011"
09413900,wb-2742266,nex-2742121,nex-2742121,"wb-2742267,wb-2742268,wb-2742269,wb-2742270,wb-2742271,wb-2742120,wb-2742266"
11124500,wb-3337917,nex-3337918,nex-3337918,"wb-3337919,wb-3337917"
06404000,wb-1808923,nex-1808849,nex-1808849,"wb-1808848,wb-1808923"
08164800,wb-2438369,nex-2438358,nex-2438358,"wb-2438357,wb-2438369"
11101250,wb-3332913,nex-3332914,nex-3332914,"wb-3332913,wb-3332922"
06715000,wb-1570808,nex-1570809,nex-1570809,"wb-1570808,wb-1570902,wb-1570900,wb-1570899"
11181040,wb-3314765,nex-1000013583,nex-1000013583,wb-3314765
08048970,wb-2412003,nex-2412004,nex-2412004,"wb-2412003,wb-2412022"
02178400,wb-273746,nex-273747,nex-273747,wb-273746
02079640,wb-268182,nex-268183,nex-268183,"wb-268182,wb-268192,wb-268191"
07373000,wb-1321353,nex-1321347,nex-1321347,"wb-1321346,wb-1321353"
01379000,wb-105181,nex-105110,nex-105110,"wb-105183,wb-105109,wb-105181"
03400800,wb-831212,nex-831213,nex-831213,"wb-835244,wb-835240,wb-831212"
11073495,wb-3334151,nex-3334138,nex-3334138,"wb-3334151,wb-3334137"
11162570,wb-3327974,nex-3327975,nex-3327975,"wb-3327976,wb-3327974"
02335580,wb-482030,nex-482005,nex-482005,"wb-482004,wb-482030"
11070465,wb-3333679,nex-3333680,nex-3333680,wb-3333679
04232034,wb-674460,nex-674461,nex-674461,wb-674460
02130840,wb-249061,nex-249062,nex-249062,"wb-249200,wb-249061"
01160000,wb-17762,nex-17763,nex-17763,"wb-17773,wb-17762"
06803093,wb-1562479,nex-1562431,nex-1562431,"wb-1562430,wb-1562479"
09182400,wb-2624737,nex-2624738,nex-2624738,wb-2624737
11046100,wb-3332377,nex-3332378,nex-3332378,wb-3332377
08103900,wb-2420371,nex-2420372,nex-2420372,"wb-2420395,wb-2420394,wb-2420393,wb-2420392,wb-2420371,wb-2420391"
04087257,wb-659040,nex-659035,nex-659035,"wb-659034,wb-659040"
09306242,wb-2615735,nex-2615733,nex-2615733,"wb-2615742,wb-2615732,wb-2615735"
09484000,wb-2746660,nex-2746661,nex-2746661,"wb-2746669,wb-2746660,wb-2746665,wb-2746680,wb-2746679"
11447360,wb-3300875,nex-3300874,nex-3300874,"wb-3300875,wb-3300873"
11525670,wb-3315417,nex-3315418,nex-3315418,"wb-3316340,wb-3315417"
12323720,wb-3037865,nex-3037864,nex-3037864,"wb-3037863,wb-3037865"
04206043,wb-670851,nex-670852,nex-670852,wb-670851
11460750,wb-3318914,nex-3318897,nex-3318897,"wb-3318896,wb-3318914"
07126480,wb-2175926,nex-2175927,nex-2175927,"wb-2176735,wb-2175926"
01133000,wb-16828,nex-16823,nex-16823,"wb-16822,wb-16828"
01439800,wb-118827,nex-118828,nex-118828,"wb-118843,wb-118827,wb-118842"
12108500,wb-3057020,nex-3057021,nex-3057021,"wb-3057020,wb-3057137"
02266300,wb-411436,nex-411437,nex-411437,wb-411436
03271300,wb-817936,nex-817934,nex-817934,"wb-817937,wb-817933,wb-817936"
03293500,[None],[None],[None],[None]
08057200,wb-2412678,nex-2412679,nex-2412679,"wb-2412686,wb-2412678"
11044350,wb-3333331,nex-3333330,nex-3333330,"wb-3333333,wb-3333334,wb-3333329,wb-3333331"
10149000,wb-2863977,nex-2863964,nex-2863964,"wb-2863963,wb-2863979,wb-2863978,wb-2863977"
05059600,wb-1500168,nex-1500169,nex-1500169,wb-1500168
01116905,wb-10778,nex-10773,nex-10773,"wb-10781,wb-10780,wb-10772,wb-10778"
11152900,wb-3327523,nex-3327522,nex-3327522,"wb-3327525,wb-3327524,wb-3327521,wb-3327523"
12323710,wb-3037869,nex-3037862,nex-3037862,"wb-3037870,wb-3037871,wb-3037872,wb-3037861,wb-3037869"
02300075,wb-423783,nex-423778,nex-423778,"wb-423782,wb-423777,wb-423783"
01467086,wb-119204,nex-119205,nex-119205,"wb-119208,wb-119204"
08156800,wb-2431121,nex-2431122,nex-2431122,wb-2431121
11154700,wb-3327771,nex-3327605,nex-3327605,"wb-3327771,wb-3327604"
10246846,wb-2875404,nex-2875405,nex-2875405,wb-2875404
03260050,wb-791051,nex-791052,nex-791052,wb-791051
01308000,wb-109790,nex-109791,nex-109791,wb-109790
08116400,wb-2418259,nex-2418260,nex-2418260,wb-2418259
12026400,wb-3051271,nex-3051250,nex-3051250,"wb-3051249,wb-3051271"
06342450,wb-1867838,nex-1867833,nex-1867833,"wb-1867832,wb-1867838"
02195320,wb-272525,nex-272526,nex-272526,"wb-272527,wb-272525"
01459500,wb-119021,nex-119022,nex-119022,"wb-119021,wb-119027"
11105510,wb-3332573,nex-3332574,nex-3332574,wb-3332573
08172400,wb-2416831,nex-2416832,nex-2416832,"wb-2416905,wb-2416831"
11137900,wb-3326969,nex-3326970,nex-3326970,"wb-3326969,wb-3326972"
05595730,wb-1069391,nex-1069389,nex-1069389,"wb-1069392,wb-1069395,wb-1069388,wb-1069391"
08163500,wb-2437730,nex-2437731,nex-2437731,"wb-2438237,wb-2437730"
11224500,wb-3322441,nex-3322368,nex-3322368,"wb-3322367,wb-3322441,wb-3322442"
06911490,wb-1588709,nex-1588698,nex-1588698,"wb-1588711,wb-1588714,wb-1588717,wb-1588718,wb-1588720,wb-1588716,wb-1588713,wb-1588712,wb-1588710,wb-1588697,wb-1588709"
11451715,wb-3300634,nex-3300635,nex-3300635,"wb-3300634,wb-3300636"
02104220,wb-256682,nex-256683,nex-256683,"wb-256734,wb-256682,wb-256713"
01089100,wb-13704,nex-13702,nex-13702,"wb-13705,wb-13701,wb-13704"
12116400,[None],[None],[None],[None]
09537200,wb-2747593,nex-2747589,nex-2747589,"wb-2747594,wb-2747588,wb-2747593"
04179520,wb-673560,nex-673561,nex-673561,wb-673560
14046890,wb-2991104,nex-2991105,nex-2991105,"wb-2991643,wb-2991104,wb-2991619,wb-2991623,wb-2991620,wb-2991621,wb-2991618"
11451100,wb-3300599,nex-3300551,nex-3300551,"wb-3300550,wb-3300601,wb-3300599"
07099230,wb-2179771,nex-2179750,nex-2179750,"wb-2179749,wb-2179771"
02423630,wb-491566,nex-491567,nex-491567,"wb-491607,wb-491593,wb-491566"
12208000,wb-3056860,nex-3056861,nex-3056861,wb-3056860
03277300,wb-789913,nex-788539,nex-788539,"wb-789917,wb-789916,wb-789914,wb-788538,wb-789913"
02112360,wb-251073,nex-251074,nex-251074,wb-251073
06436180,wb-1803072,nex-1803073,nex-1803073,"wb-1803103,wb-1803072"
02032250,wb-112279,nex-112280,nex-112280,"wb-112409,wb-112279"
08275500,wb-2530260,nex-2530261,nex-2530261,"wb-2530277,wb-2530276,wb-2530260,wb-2530275"
06426130,wb-1804400,nex-1804338,nex-1804338,"wb-1804403,wb-1804405,wb-1804337,wb-1804400"
09430600,wb-2725276,nex-2725277,nex-2725277,"wb-2725292,wb-2725276"
13150430,wb-3017241,nex-3017237,nex-3017237,"wb-3017241,wb-3017236"
11274630,wb-3312037,nex-3312038,nex-3312038,"wb-3312039,wb-3312037"
06803170,wb-1562431,nex-1562432,nex-1562432,"wb-1562431,wb-1562496"
07105600,wb-2179969,nex-2179842,nex-2179842,"wb-2179841,wb-2179969"
09047500,wb-2623174,nex-2623168,nex-2623168,"wb-2623174,wb-2623167"
11181000,wb-3314763,nex-3314764,nex-3314764,"wb-3314763,wb-3314768,wb-3314766"
07105900,wb-2179939,nex-2179940,nex-2179940,wb-2179939
04073468,wb-655544,nex-655545,nex-655545,"wb-655566,wb-655544,wb-655560"
08183890,wb-2415324,nex-2415130,nex-2415130,"wb-2415325,wb-2415129,wb-2415324"
07126325,wb-2176696,nex-2176697,nex-2176697,wb-2176696
06137570,wb-1865094,nex-1865095,nex-1865095,"wb-1865107,wb-1865094"
09485000,wb-2746712,nex-2746702,nex-2746702,"wb-2746701,wb-2746712"
07299890,wb-2150736,nex-2150737,nex-2150737,wb-2150736
08158600,wb-2431096,nex-2431097,nex-2431097,"wb-2431098,wb-2431096"
08076000,wb-2408070,nex-2408071,nex-2408071,wb-2408070
01170100,wb-15629,nex-15630,nex-15630,wb-15629
08200977,wb-2427406,nex-2427373,nex-2427373,"wb-2427406,wb-2427372"
01202501,wb-18652,nex-18653,nex-18653,wb-18652
11113500,wb-3325639,nex-3325638,nex-3325638,"wb-3325639,wb-3325637"
08201500,wb-2427528,nex-2427439,nex-2427439,"wb-2427530,wb-2427529,wb-2427438,wb-2427528"
11042800,wb-3333374,nex-3333351,nex-3333351,"wb-3333358,wb-3333350,wb-3333374"
01643805,wb-96816,nex-96817,nex-96817,"wb-96840,wb-96816,wb-96839"
09502960,wb-2716994,nex-2716995,nex-2716995,"wb-2717050,wb-2716994"
08177300,wb-2416147,nex-2416148,nex-2416148,"wb-2416164,wb-2416166,wb-2416147"
02337498,[None],[None],[None],[None]
12323840,wb-3037934,nex-3037935,nex-3037935,wb-3037934
10259200,wb-3334930,nex-3334919,nex-3334919,"wb-3334918,wb-3334930"
11027000,wb-3331904,nex-3331903,nex-3331903,"wb-3331906,wb-3331905,wb-3331902,wb-3331904"
11336585,wb-3307633,nex-3307634,nex-3307634,wb-3307633
04282650,wb-120407,nex-120408,nex-120408,wb-120407
08044800,wb-2412625,nex-2412623,nex-2412623,"wb-2412622,wb-2412625"
02458450,wb-486113,nex-486095,nex-486095,"wb-486094,wb-486113"
14092750,wb-2990635,nex-2990608,nex-2990608,"wb-2990635,wb-2990607"
02327100,wb-503435,nex-503428,nex-503428,"wb-503427,wb-503435"
01104460,wb-10247,nex-10248,nex-10248,wb-10247
11088500,wb-3333210,nex-3333211,nex-3333211,"wb-3333210,wb-3333248"
04161580,wb-653695,nex-653696,nex-653696,"wb-653711,wb-653695"
01382170,wb-105275,nex-105276,nex-105276,"wb-105310,wb-105275"
01415000,wb-118183,nex-118184,nex-118184,wb-118183
01478120,wb-119516,nex-119507,nex-119507,"wb-119520,wb-119519,wb-119506,wb-119516"
12377150,wb-3035162,nex-3035093,nex-3035093,"wb-3035166,wb-3035165,wb-3035163,wb-3035092,wb-3035162"
01105638,wb-10066,nex-10067,nex-10067,wb-10066
02344478,wb-479844,nex-479841,nex-479841,"wb-479840,wb-479844"
021459367,wb-262222,nex-262223,nex-262223,wb-262222
07103703,wb-2179836,nex-2179837,nex-2179837,"wb-2180001,wb-2180003,wb-2179836,wb-2180036"
02233200,wb-421157,nex-421158,nex-421158,"wb-421157,wb-421169"
02294290,wb-422529,nex-422530,nex-422530,wb-422529
11180500,wb-3314811,nex-3314812,nex-3314812,wb-3314811
01350035,wb-102244,nex-102245,nex-102245,wb-102244
08083420,wb-2423403,nex-2423358,nex-2423358,"wb-2423357,wb-2423403"
07328180,wb-2146061,nex-2146048,nex-2146048,"wb-2146062,wb-2146047,wb-2146061"
11025500,wb-3331916,nex-3331846,nex-3331846,"wb-3331918,wb-3331917,wb-3331845,wb-3331916"
02201000,wb-254461,nex-254462,nex-254462,"wb-254461,wb-254524"
01580000,wb-95671,nex-95644,nex-95644,"wb-95673,wb-95643,wb-95671"
01639500,wb-97096,nex-97097,nex-97097,"wb-97101,wb-97096,wb-97100"
03095500,wb-804543,nex-804530,nex-804530,"wb-804543,wb-804529"
04167000,wb-653003,nex-653004,nex-653004,"wb-653003,wb-653048"
02061000,wb-267719,nex-267655,nex-267655,"wb-267691,wb-267718,wb-267654,wb-267719"
08155240,wb-2436898,nex-2436899,nex-2436899,"wb-2436898,wb-2436903"
14188800,wb-3045164,nex-3045154,nex-3045154,"wb-3045153,wb-3045164"
11169800,wb-3328129,nex-3328086,nex-3328086,"wb-3328131,wb-3328156,wb-3328135,wb-3328130,wb-3328085,wb-3328129"
04239000,wb-675124,nex-675125,nex-675125,wb-675124
01334000,wb-104288,nex-104289,nex-104289,"wb-104288,wb-104295"
07099235,wb-2179768,nex-2179752,nex-2179752,"wb-2179768,wb-2179751"
09352900,wb-2599925,nex-2599926,nex-2599926,"wb-2599938,wb-2599925,wb-2599937,wb-2599936"
05488200,wb-1088907,nex-1088908,nex-1088908,"wb-1088915,wb-1088907,wb-1088914"
09513780,wb-2716194,nex-2716195,nex-2716195,"wb-2716327,wb-2716194"
03576500,wb-1011541,nex-1011542,nex-1011542,"wb-1011541,wb-1011566"
11447293,wb-3300808,nex-3300809,nex-3300809,"wb-3300808,wb-3300847"
01484525,wb-107130,nex-107131,nex-107131,"wb-107130,wb-107138"
08164600,wb-2438395,nex-2438396,nex-2438396,"wb-2438418,wb-2438395"
13159800,wb-3023126,nex-3023127,nex-3023127,"wb-3023170,wb-3023126,wb-3023169"
03250100,wb-791821,nex-791816,nex-791816,"wb-791815,wb-791821"
08185100,wb-2415256,nex-2415254,nex-2415254,"wb-2415260,wb-2415257,wb-2415253,wb-2415256"
01118000,wb-11229,nex-11230,nex-11230,wb-11229
09386900,wb-2737305,nex-2737306,nex-2737306,wb-2737305
06479215,wb-1792801,nex-1792802,nex-1792802,"wb-1794283,wb-1794285,wb-1792801,wb-1794281"
11063510,wb-3333919,nex-3333916,nex-3333916,"wb-3333915,wb-3333919"
13083000,wb-3048154,nex-3048152,nex-3048152,"wb-3048155,wb-3048151,wb-3048154"
10260950,wb-3336944,nex-3336922,nex-3336922,"wb-3336921,wb-3336944"
08168797,wb-2417401,nex-2417399,nex-2417399,"wb-2417401,wb-2417398"
10336610,wb-2886340,nex-2886341,nex-2886341,wb-2886340
07227420,wb-2159539,nex-2159290,nex-2159290,"wb-2159551,wb-2159289,wb-2159539"
14208700,wb-3043849,nex-3043850,nex-3043850,wb-3043849
03067510,wb-806220,nex-806173,nex-806173,"wb-806220,wb-806172"
11023340,wb-3331591,nex-3331571,nex-3331571,"wb-3331594,wb-3331593,wb-3331592,wb-3331570,wb-3331591"
14158500,wb-3045968,nex-3045969,nex-3045969,wb-3045968
11028500,wb-3331882,nex-3331883,nex-3331883,"wb-3331882,wb-3331885"
01109403,wb-10837,nex-10838,nex-10838,wb-10837
09355000,wb-2600008,nex-2599875,nex-2599875,"wb-2599888,wb-2599874,wb-2600008"
12323850,wb-3037938,nex-3024385,nex-3024385,"wb-3037740,wb-3024384,wb-3037938"
11253310,wb-3322318,nex-3322319,nex-3322319,"wb-3322321,wb-3322318"
09503000,wb-2716995,nex-2716996,nex-2716996,"wb-2717049,wb-2716995"
08017200,wb-2443048,nex-2443049,nex-2443049,"wb-2443048,wb-2443078"
08049700,wb-2411972,nex-2411968,nex-2411968,"wb-2411972,wb-2411967"
06803510,wb-1562353,nex-1562354,nex-1562354,"wb-1562353,wb-1562575"
09383400,wb-2732753,nex-2732754,nex-2732754,"wb-2738456,wb-2732753"
07079300,wb-2167720,nex-2167721,nex-2167721,"wb-2167720,wb-2179028"
11132500,wb-3338034,nex-3338035,nex-3338035,wb-3338034
01469500,wb-116355,nex-116356,nex-116356,"wb-116355,wb-116384"
07126390,wb-2176721,nex-2175923,nex-2175923,"wb-2176190,wb-2175922,wb-2176721"
02392950,wb-495484,nex-495485,nex-495485,"wb-495484,wb-495493,wb-495491"
08211520,wb-2414765,nex-2414766,nex-2414766,"wb-2414765,wb-2414775"
08095400,wb-2421916,nex-2421917,nex-2421917,wb-2421916
11129800,wb-3337850,nex-3337848,nex-3337848,"wb-3337851,wb-3337852,wb-3337853,wb-3337847,wb-3337850"
06404998,wb-1808893,nex-1808894,nex-1808894,wb-1808893
08131400,wb-2435335,nex-2434633,nex-2434633,"wb-2435280,wb-2434632,wb-2435335"
02245260,wb-420693,nex-420694,nex-420694,"wb-420698,wb-420699,wb-420693"
08037050,wb-2441254,nex-2441255,nex-2441255,"wb-2441268,wb-2441266,wb-2441267,wb-2441254"
01464907,wb-116895,nex-116896,nex-116896,"wb-116904,wb-116895,wb-116902"
02336240,wb-481934,nex-481935,nex-481935,"wb-481961,wb-481934"
01398000,wb-105830,nex-105831,nex-105831,"wb-105854,wb-105853,wb-105847,wb-105830,wb-105845"
12447390,wb-3029076,nex-3029077,nex-3029077,wb-3029076
07250935,wb-2155241,nex-2155165,nex-2155165,"wb-2155242,wb-2155241,wb-2155164"
02362240,wb-502540,nex-502541,nex-502541,wb-502540
08189200,wb-2426262,nex-2426263,nex-2426263,"wb-2426268,wb-2426262"
13346800,wb-2996606,nex-2996607,nex-2996607,wb-2996606
08158970,wb-2436956,nex-2436957,nex-2436957,"wb-2436959,wb-2436956,wb-2436958"
11128250,wb-3337865,nex-3337866,nex-3337866,"wb-3337865,wb-3337867"
08068780,wb-2408246,nex-2408247,nex-2408247,wb-2408246
11180825,wb-3314761,nex-3314762,nex-3314762,wb-3314761
11055500,wb-3334006,nex-3334007,nex-3334007,"wb-3334012,wb-3334006"
09484580,wb-2746742,nex-2746743,nex-2746743,"wb-2746754,wb-2746742"
10348850,wb-2886656,nex-2886657,nex-2886657,"wb-2886659,wb-2886656,wb-2886658"
11048553,wb-3332430,nex-3332397,nex-3332397,"wb-3332430,wb-3332396"
02207185,wb-417480,nex-417481,nex-417481,"wb-417480,wb-417484"
11044250,wb-3333337,nex-3333338,nex-3333338,wb-3333337
08315480,wb-2530545,nex-2530546,nex-2530546,wb-2530545
08057445,wb-2411129,nex-2411130,nex-2411130,wb-2411129
08053009,wb-2411468,nex-2411193,nex-2411193,"wb-2411192,wb-2411468"
01613095,wb-99544,nex-99545,nex-99545,"wb-99546,wb-99544"
09505200,wb-2718108,nex-2718078,nex-2718078,"wb-2718077,wb-2718108"
11046530,wb-3332248,nex-3332249,nex-3332249,wb-3332248
01619000,wb-99988,nex-99948,nex-99948,"wb-99947,wb-99988"
11153650,wb-3327486,nex-3327485,nex-3327485,"wb-3327488,wb-3327486,wb-3327484"
0208524975,wb-271141,nex-271140,nex-271140,"wb-271141,wb-271139"
08166000,wb-2417231,nex-2417230,nex-2417230,"wb-2417231,wb-2417229"
03535400,wb-1015471,nex-1015472,nex-1015472,wb-1015471
11480390,wb-3321940,nex-3321941,nex-3321941,wb-3321940
07191160,wb-2187958,nex-2187959,nex-2187959,"wb-2188051,wb-2188054,wb-2188052,wb-2188050,wb-2187958"
05591700,wb-1071286,nex-1071236,nex-1071236,"wb-1071235,wb-1071287,wb-1071286"
04256000,wb-668706,nex-668707,nex-668707,wb-668706
11200800,wb-3323892,nex-3323875,nex-3323875,"wb-3323893,wb-3323874,wb-3323892"
09512280,wb-2716289,nex-2716239,nex-2716239,"wb-2716291,wb-2716238,wb-2716289"
08200000,wb-2427344,nex-2427236,nex-2427236,"wb-2427345,wb-2427347,wb-2427235,wb-2427344"
02160326,wb-263756,nex-263605,nex-263605,"wb-263604,wb-263757,wb-263756"
04289000,wb-121021,nex-121022,nex-121022,wb-121021
08155200,wb-2436896,nex-2436897,nex-2436897,"wb-2436896,wb-2436906"
11046300,wb-3332328,nex-3332314,nex-3332314,"wb-3332313,wb-3332328"
11337600,wb-3314673,nex-3314674,nex-3314674,wb-3314673
12094000,wb-3057366,nex-3057367,nex-3057367,"wb-3057366,wb-3057398"
03302030,wb-787460,nex-787457,nex-787457,"wb-787456,wb-787460"
01432900,wb-118627,nex-118583,nex-118583,"wb-118582,wb-118627"
06889160,wb-1555403,nex-1555404,nex-1555404,"wb-1555475,wb-1555476,wb-1555478,wb-1555479,wb-1555489,wb-1555481,wb-1555480,wb-1555474,wb-1555473,wb-1555472,wb-1555471,wb-1555403"
12464800,wb-3027322,nex-3027323,nex-3027323,"wb-3027336,wb-3027322"
12142000,wb-3062626,nex-3062627,nex-3062627,"wb-3062626,wb-3062655"
11467200,wb-3321557,nex-3321555,nex-3321555,"wb-3321554,wb-3321557"
06402430,wb-1805718,nex-1805719,nex-1805719,"wb-1805743,wb-1805718"
08105095,[None],[None],[None],[None]
03431000,wb-836652,nex-836653,nex-836653,"wb-836667,wb-836652,wb-836666"
09513860,wb-2716214,nex-2716207,nex-2716207,"wb-2716216,wb-2716206,wb-2716214"
08178565,wb-2414913,nex-2414914,nex-2414914,wb-2414913
11014000,wb-3331802,nex-3331803,nex-3331803,"wb-3331805,wb-3331802,wb-3331822"
05568800,wb-1076791,nex-1076792,nex-1076792,wb-1076791
01409000,[None],[None],[None],[None]
04021520,wb-680428,nex-680418,nex-680418,"wb-680428,wb-680417"
08063048,wb-2410500,nex-2410501,nex-2410501,wb-2410500
01596500,wb-98689,nex-98690,nex-98690,"wb-98689,wb-98697"
07344450,wb-2139860,nex-2139861,nex-2139861,"wb-2139864,wb-2139860"
06211500,wb-1828079,nex-1828080,nex-1828080,wb-1828079
09486590,wb-2746350,nex-2746326,nex-2746326,"wb-2746325,wb-2746350"
02235200,wb-421273,nex-421274,nex-421274,"wb-421273,wb-421275"
05404116,wb-1100661,nex-1100662,nex-1100662,wb-1100661
11044800,wb-3333309,nex-3333310,nex-3333310,"wb-3333315,wb-3333316,wb-3333320,wb-3333309,wb-3333314"
10133650,wb-2862116,nex-2862060,nex-2862060,"wb-2862059,wb-2862116"
06320000,wb-1840281,nex-1840282,nex-1840282,"wb-1840300,wb-1840281"
07050152,wb-2198525,nex-2198526,nex-2198526,"wb-2198543,wb-2198544,wb-2198545,wb-2198539,wb-2198538,wb-2198537,wb-2198525,wb-2198535"
01545600,wb-89794,nex-89789,nex-89789,"wb-89804,wb-89788,wb-89794"
09134000,wb-2620067,nex-2620068,nex-2620068,wb-2620067
06936475,wb-1536707,nex-1536705,nex-1536705,"wb-1536704,wb-1536707"
03201405,wb-798330,nex-798329,nex-798329,"wb-798330,wb-798331,wb-798328"
11174000,wb-3314958,nex-3314959,nex-3314959,wb-3314958
09498501,wb-2720525,nex-2720526,nex-2720526,wb-2720525
01304500,wb-109677,nex-109675,nex-109675,"wb-109677,wb-109674"
06187915,wb-1826183,nex-1826184,nex-1826184,wb-1826183
07325850,wb-2145919,nex-2145920,nex-2145920,"wb-2145919,wb-2145922"
10338700,wb-2886353,nex-2886354,nex-2886354,"wb-2886753,wb-2886353"
09508300,wb-2716562,nex-2716563,nex-2716563,"wb-2716562,wb-2718419"
0212419274,wb-249884,nex-249885,nex-249885,"wb-249903,wb-249884"
06349600,wb-1815723,nex-1815724,nex-1815724,wb-1815723
11172945,wb-3314795,nex-3314796,nex-3314796,"wb-3314974,wb-3314795"
01191000,wb-14632,nex-14633,nex-14633,"wb-14632,wb-14648"
08158200,wb-2431094,nex-2431095,nex-2431095,"wb-2431103,wb-2431094"
11141280,wb-3319709,nex-3319710,nex-3319710,"wb-3319713,wb-3319709"
08178000,wb-2414910,nex-2414911,nex-2414911,"wb-2414910,wb-2415823"
11141050,wb-3326794,nex-3326779,nex-3326779,"wb-3326796,wb-3326795,wb-3326778,wb-3326794"
03287600,wb-790528,nex-790529,nex-790529,"wb-790575,wb-790528"
09230300,wb-2610459,nex-2610460,nex-2610460,"wb-2610459,wb-2610626"
09408000,wb-2743127,nex-2743128,nex-2743128,"wb-2743129,wb-2743127"
0344894205,wb-1016892,nex-1016893,nex-1016893,"wb-1016901,wb-1016899,wb-1016892"
08158860,wb-2437006,nex-2437005,nex-2437005,"wb-2437006,wb-2437004"
07325860,wb-2145931,nex-2145932,nex-2145932,wb-2145931
11180900,wb-3314771,nex-3314772,nex-3314772,"wb-3314771,wb-3314775"
07329780,wb-2144541,nex-2144402,nex-2144402,"wb-2144547,wb-2144544,wb-2144401,wb-2144541"
02307359,wb-423551,nex-423552,nex-423552,wb-423551
10259000,wb-3334721,nex-3334722,nex-3334722,"wb-3334735,wb-3334721"
08158810,wb-2436999,nex-2436988,nex-2436988,"wb-2436987,wb-2437000,wb-2436999"
08158927,wb-2436960,nex-2436956,nex-2436956,"wb-2436960,wb-2436955"
01311810,wb-109721,nex-109722,nex-109722,wb-109721
